...1,BRAND_alphas,BRAND_gammas,BRAND_thetas,Digital_Weighted_alphas,Digital_Weighted_gammas,Digital_Weighted_thetas,GAMEPR_campaigns_alphas,GAMEPR_campaigns_gammas,GAMEPR_campaigns_thetas,INFLU_campaigns_alphas,INFLU_campaigns_gammas,INFLU_campaigns_thetas,SEM_TimeWeighted_alphas,SEM_TimeWeighted_gammas,SEM_TimeWeighted_thetas,TV_Like_Weighted_alphas,TV_Like_Weighted_gammas,TV_Like_Weighted_thetas,train_size,rsq_train,rsq_val,rsq_test,nrmse_train,nrmse_val,nrmse_test,nrmse,decomp.rssd,mape,lambda,lambda_hp,lambda_max,lambda_min_ratio,pos,Elapsed,ElapsedAccum,solID,trial,iterNG,iterPar,iterations,coef0,mape.qt10,robynPareto,error_score,cluster,top_sol
1,"2,02052157","0,865281253","0,2852800433","1,180753803","0,8284133862","0,2927789808","2,609371965","0,803699824","0,48705702","2,349820638","0,9208887598","0,6642089929","0,7431235382","0,8584017454","0,1914268564","1,453423594","0,8981091779","0,5831157143","0,8697511765","0,0333519897","-11,407871","-7,562256306","0,1328764478","0,8405132468","0,8003739536","0,8405132468","0,001459664937",0,"6965,504343","0,491420451","14172,75885","0,0001",1,"0,3069558144","43,95685053",1_40_2,1,40,2,431,FALSE,TRUE,5,"0,1129560426",8,FALSE
2,"1,000701706","0,8512168407","0,2852800433","1,180753803","0,8284133862","0,2927789808","2,609371965","0,803699824","0,48705702","2,349820638","0,9208887598","0,6642089929","0,7431235382","0,8584017454","0,1914268564","1,453423594","0,8981091779","0,5831157143","0,8697511765","0,03275457036","-11,41985527","-7,59961444","0,1329175024","0,840919058","0,8021181162","0,840919058","0,001076934367",0,"6965,504343","0,491420451","14172,75885","0,0001",1,"0,435138464","57,76879168",1_51_1,1,51,1,551,FALSE,TRUE,4,"0,1132284996",8,FALSE
3,"2,02052157","0,865281253","0,2852800433","1,180753803","0,8284133862","0,2927789808","2,609371965","0,803699824","0,48705702","2,459503059","0,9472194025","0,7905657123","0,7431235382","0,8584017454","0,1914268564","1,453423594","0,8981091779","0,5831157143","0,8697511765","0,03208756535","-11,40525947","-7,560563905","0,132963324","0,8404247891","0,8002948494","0,8404247891","0,001561074101",0,"6965,504343","0,491420451","14172,75885","0,0001",1,"0,3719742298","60,76610446",1_53_9,1,53,9,581,FALSE,TRUE,7,"0,1129438284",8,FALSE
4,"1,979345851","0,8700712552","0,3269937833","1,233676029","0,8461595094","0,2698300702","2,564930605","0,8675356821","0,4914906329","1,837676025","0,9266002203","0,6946021262","0,7792841875","0,8540546113","0,1969373798","1,591011302","0,885671467","0,5782748196","0,8739717691","0,03463452625","-12,26344049","-7,435194373","0,1337769105","0,8024136652","0,7945060537","0,8024136652","0,0007406996873",0,"6878,136574","0,4852553488","14172,75885","0,0001",1,"0,3679234982","61,61899352",1_54_4,1,54,4,587,FALSE,TRUE,3,"0,1120369024",8,TRUE
5,"2,02052157","0,9728005018","0,2594598303","1,180753803","0,8284133862","0,2927789808","2,609371965","0,803699824","0,48705702","2,349820638","0,9208887598","0,6642089929","0,7431235382","0,8584017454","0,1914268564","1,453423594","0,8981091779","0,5831157143","0,8697511765","0,03345090288","-11,41207689","-7,558688484","0,1328696493","0,8406556891","0,8002071816","0,8406556891","0,001489569139",0,"6965,504343","0,491420451","14172,75885","0,0001",1,"0,3884489536","64,03461385",1_56_6,1,56,6,611,FALSE,TRUE,6,"0,11292999",8,FALSE
6,"2,02052157","0,865281253","0,2852800433","1,180753803","0,8284133862","0,2927789808","2,609371965","0,803699824","0,48705702","2,349820638","0,9208887598","0,6642089929","0,7431235382","0,8584017454","0,1914268564","1,453423594","0,8586956818","0,5831157143","0,8697511765","0,03340066312","-11,40655737","-7,562405494","0,1328731024","0,840468753","0,8003809264","0,840468753","0,001203196553",0,"6965,504343","0,491420451","14172,75885","0,0001",1,"0,3332023621","67,20911789",1_59_3,1,59,3,641,FALSE,TRUE,4,"0,112956773",8,FALSE
7,"2,654064262","0,9033351821","0,467145261","1,094729296","0,8171074809","0,2348437872","2,991586382","0,9582533956","0,5518919675","1,70270745","0,8859048046","0,6419028896","0,6980871437","0,8030858302","0,2919950134","1,352056157","0,8015565166","0,5706912173","0,8507583971","0,02907400175","-7,803724611","-8,386059809","0,1329687595","0,7596141734","0,7956232164","0,7596141734","0,002576171952",0,"7035,951135","0,4963915253","14172,75885","0,0001",1,"0,4340143204","81,7291131",1_70_11,1,70,11,770,FALSE,TRUE,7,"0,1122151072",8,FALSE
8,"2,603573843","0,9071319599","0,4627060783","1,170785015","0,8324371633","0,2354273131","2,914925003","0,9320771143","0,5057028005","1,751066423","0,8916162792","0,6511895959","0,7426108987","0,8307556613","0,2706461154","1,536241403","0,8268025013","0,551307745","0,8503889813","0,02879028608","-7,82733236","-8,689702431","0,1329881855","0,749679031","0,807391468","0,749679031","0,00150761945",0,"7013,771462","0,4948264178","14172,75885","0,0001",1,"0,2142856121","94,33023334",1_82_1,1,82,1,892,FALSE,TRUE,6,"0,1140543681",8,FALSE
9,"2,603573843","0,9071319599","0,4627060783","1,170785015","0,8324371633","0,2354273131","2,914925003","0,9320771143","0,5057028005","1,751066423","0,9118599716","0,6944140304","0,7426108987","0,8307556613","0,2706461154","1,536241403","0,8268025013","0,551307745","0,8503889813","0,0284251422","-7,827056624","-8,689418525","0,1330131828","0,7496673222","0,8073796397","0,7496673222","0,001526110037",0,"7013,771462","0,4948264178","14172,75885","0,0001",1,"0,3224272728","103,200995",1_90_3,1,90,3,982,FALSE,TRUE,6,"0,1140525471",8,FALSE
10,"1,002474471","0,9867096592","0,1501028377","1,505797845","0,8008306934","0,2339160872","2,583427136","0,8323938539","0,326265044","1,938337207","0,896129453","0,6923186059","0,9001766928","0,919386483","0,2336688652","2,043598234","0,899235658","0,4782441284","0,8505792559","0,03366417031","-7,788561374","-8,646547068","0,1326540742","0,7480308671","0,8055915079","0,7480308671","0,001501779071",0,"6571,256008","0,4636003372","14172,75885","0,0001",1,"0,2468962669","145,3993044",1_126_5,1,126,5,1380,FALSE,TRUE,5,"0,1137726629",7,FALSE
11,"1,242438526","0,9812825257","0,1727779316","1,483698624","0,8162755049","0,233468173","2,572953328","0,8654937664","0,3501796347","1,937196883","0,8967033628","0,6902334452","0,9043405058","0,9006418567","0,2637245485","2,014725496","0,8865438442","0,4869350625","0,8505299142","0,03211245668","-7,806196905","-8,662381481","0,1327605375","0,7487810075","0,8062524096","0,7487810075","0,003009400489",0,"6728,187948","0,4746742316","14172,75885","0,0001",1,"0,4428699017","155,2502062",1_134_10,1,134,10,1473,FALSE,TRUE,8,"0,1138799534",7,FALSE
12,"1,242438526","0,9812825257","0,1727779316","1,483698624","0,8162755049","0,233468173","2,572953328","0,9155647803","0,2840334998","1,923481351","0,9100175287","0,6806590539","0,9043405058","0,9006418567","0,2637245485","2,014725496","0,8865438442","0,4869350625","0,8505299142","0,03197825077","-7,805296944","-8,661550895","0,1327697414","0,7487427452","0,8062177558","0,7487427452","0,002999575185",0,"6728,187948","0,4746742316","14172,75885","0,0001",1,"0,4072995186","158,6743267",1_137_7,1,137,7,1503,FALSE,TRUE,7,"0,1138744958",7,FALSE
13,"0,8049192665","0,9268934974","0,1591361351","1,455945074","0,8683596438","0,2272609745","2,788015999","0,965757725","0,3172854616","1,859244569","0,9022492645","0,6828540619","0,8195668155","0,9532672991","0,2708103324","2,000323462","0,893844548","0,3283591654","0,8776563801","0,4969622002","-4,279128847","-2,037883564","0,09667948959","0,5046751284","0,4894428097","0,5046751284","0,004505384947",0,"546,8427063","0,03848791786","14172,75885","0,0001",1,"0,3427567482","164,64259",1_142_10,1,142,10,1561,FALSE,TRUE,7,"0,06431400111",7,FALSE
14,"0,8913881023","0,8895242893","0,1675481924","1,195681521","0,8546553565","0,2925348978","2,027599416","0,9549409681","0,4468064415","1,859244569","0,9131824998","0,6861138489","0,7128103919","0,9862902764","0,2086253318","1,60632182","0,834325282","0,3551712281","0,8949732654","0,3944205858","-6,752372661","-4,349635336","0,1060793812","0,6251021975","0,6347821345","0,6251021975","0,003096226237",0,"857,2154863","0,06038935735","14172,75885","0,0001",1,"0,3350930214","170,8013463",1_148_4,1,148,4,1621,FALSE,TRUE,6,"0,08704632849",7,FALSE
15,"0,8049192665","0,9268934974","0,1591361351","1,455945074","0,8683596438","0,2272609745","1,786063606","0,8489525864","0,2955353004","1,93575905","0,9022492645","0,6828540619","0,8195668155","0,9532672991","0,2708103324","2,000323462","0,893844548","0,3283591654","0,8776563801","0,5002632447","-4,294911274","-2,045525902","0,09636175145","0,5054289512","0,4900580633","0,5054289512","0,004996290603",0,"546,8427063","0,03848791786","14172,75885","0,0001",1,"0,2103552818","173,7203233",1_151_1,1,151,1,1651,FALSE,TRUE,8,"0,06441520842",7,FALSE
16,"0,8753787828","0,9584458107","0,181755955","1,784031355","0,8801289179","0,1808839257","1,983523886","0,9410771325","0,1730679229","2,620064339","0,8544471499","0,6618589063","0,922822494","0,9826926179","0,303096054","2,637115894","0,9369614718","0,4103555015","0,8541771097","0,554363409","-2,584087531","-1,861302374","0,08994596328","0,4716227091","0,4387973175","0,4716227091","0,002233544266",0,"406,5792077","0,02859023119","14172,75885","0,0001",1,"0,4588661194","195,9216559",1_169_2,1,169,2,1850,FALSE,TRUE,4,"0,05637254419",7,TRUE
17,"2,126665253","0,8707615913","0,2944656572","1,503552568","0,9676925607","0,2553975939","2,518176561","0,8787260058","0,3220652676","2,734294996","0,8465725609","0,3298654186","0,9524124685","0,9124781208","0,506857858","2,31611724","0,8680123883","0,7693547364","0,8681698354","0,1224544278","-9,858437389","-6,817667413","0,1263197671","0,7828035511","0,7443884918","0,7828035511","0,002307774753",0,"3020,060804","0,2130104276","14172,75885","0,0001",1,"0,4197771549","72,18930554",2_59_6,2,59,6,644,FALSE,TRUE,7,"0,1041961944",1,FALSE
18,"2,584778554","0,8707615913","0,2944656572","1,503552568","0,9676925607","0,2553975939","2,518176561","0,8787260058","0,3220652676","2,734294996","0,8465725609","0,3298654186","0,9524124685","0,9124781208","0,506857858","2,31611724","0,8680123883","0,7693547364","0,8681698354","0,1218546689","-9,873626702","-6,791283011","0,1263629264","0,7833508717","0,7431312853","0,7833508717","0,002581836784",0,"3020,060804","0,2130104276","14172,75885","0,0001",1,"0,5223708153","87,46388888",2_70_5,2,70,5,764,FALSE,TRUE,8,"0,1040002836",1,FALSE
19,"2,686346149","0,8613663324","0,277825801","1,708573297","0,8814931105","0,1769418694","1,283960087","0,8589098164","0,4804249908","1,728414491","0,8915352842","0,1999251494","1,01332129","0,8818200231","0,3275291572","2,878822228","0,8170117944","0,7636516019","0,8609538084","0,2284408418","-6,638978898","-5,716152941","0,1183565808","0,6930994022","0,672349442","0,6930994022","0,00381487801",0,"1608,809237","0,1134255323","14172,75885","0,0001",1,"0,3606956005","91,15588999",2_73_8,2,73,8,800,FALSE,TRUE,8,"0,0929288631",5,FALSE
20,"1,553516486","0,8738905865","0,5704142958","1,750843793","0,9328022072","0,1834917675","1,355245076","0,8060372839","0,35449065","1,482604664","0,8900085564","0,7124180386","0,5873249793","0,9924820025","0,2310592602","2,893601388","0,8618809598","0,7365292946","0,8686692204","0,7668822489","-0,2159462985","0,5250391474","0,06510646999","0,2619547747","0,1834805203","0,2619547747","0,004911754407",0,"93,92824829","0,00652803208","14172,75885","0,0001",1,"0,3322076797","137,4592612",2_112_5,2,112,5,1226,FALSE,TRUE,7,"0,01650545095",1,FALSE
21,"1,422016067","0,8638249879","0,5495557746","1,79326661","0,9416000477","0,1938730889","2,301614228","0,8891020296","0,200047659","1,579195122","0,9249239919","0,5961950515","0,6379460162","0,9901451816","0,2827100479","2,883896102","0,8637984451","0,7399781359","0,8678879994","0,7616332193","-0,2877765929","0,4538099569","0,06583537932","0,2695810651","0,196758247","0,2695810651","0,004043961684",0,"104,914049","0,007303244547","14172,75885","0,0001",1,"0,3506164551","157,6332836",2_130_7,2,130,7,1426,FALSE,TRUE,5,"0,01854420205",1,FALSE
22,"1,553516486","0,8738905865","0,5704142958","1,750843793","0,8883042541","0,2021688839","2,58170871","0,8596248305","0,3460457397","1,771421603","0,899446224","0,7108462149","0,592034985","0,9628186251","0,2145865455","2,807970417","0,8618809598","0,7365292946","0,8686692204","0,7682800336","-0,1947520912","0,5038717007","0,06491098584","0,2596617747","0,1875245169","0,2596617747","0,003468404043",0,"93,92824829","0,00652803208","14172,75885","0,0001",1,"0,3964576721","158,7201188",2_131_6,2,131,6,1436,FALSE,TRUE,4,"0,01708681705",1,FALSE
23,"1,720914699","0,8684936251","0,5293795939","1,715280061","0,8926680061","0,1961003655","2,617141416","0,8974057764","0,2338186085","1,295592726","0,9338480174","0,5854900021","0,7029460103","0,9510799556","0,3656227011","2,930290279","0,8380306546","0,7746020919","0,8746626417","0,7310113001","-0,3401081477","0,3332474617","0,0706158675","0,2550587009","0,2233736816","0,2550587009","0,001525395248",0,"143,4231766","0,01002063919","14172,75885","0,0001",1,"0,553353548","167,2175496",2_137_8,2,137,8,1504,FALSE,TRUE,3,"0,0226584188",1,FALSE
24,"1,527216402","0,876761899","0,607042748","1,769203428","0,841352334","0,2005097249","2,525689813","0,8655202703","0,3168461236","1,732976307","0,9045417775","0,6879159822","0,6012171913","0,9682839364","0,228211246","2,823155554","0,8622644569","0,7372190629","0,8685129762","0,761696191","-0,2346819229","0,4508751621","0,06582668255","0,2639651945","0,1972861507","0,2639651945","0,001293395665",0,"96,12540842","0,006683074573","14172,75885","0,0001",1,"0,3797178268","168,4148009",2_138_9,2,138,9,1516,FALSE,TRUE,3,"0,01857470826",1,FALSE
25,"1,720914699","0,8684936251","0,5293795939","1,715280061","0,8926680061","0,1961003655","2,617141416","0,8974057764","0,2338186085","1,295592726","0,9338480174","0,5854900021","0,7029460103","0,9510799556","0,3986792052","2,924078896","0,8392578452","0,7768093504","0,8741626602","0,7246551035","-0,4035868563","0,2888918864","0,07144532175","0,2610296649","0,2306840037","0,2610296649","0,004187311555",0,"150,4540891","0,01051677517","14172,75885","0,0001",1,"0,3348453045","173,6304626",2_143_2,2,143,2,1564,FALSE,TRUE,6,"0,02384444002",1,FALSE
26,"1,720914699","0,8684936251","0,5293795939","1,763626423","0,8417336983","0,1843687165","0,9985821995","0,8006890161","0,2620724791","2,196689539","0,9171236154","0,6342915467","0,7029460103","0,9510799556","0,3656227011","2,930290279","0,8380306546","0,7746020919","0,8746626417","0,7404419151","-0,3607673702","0,3222965851","0,06936694392","0,2570171852","0,2252005778","0,2570171852","0,005848186463",0,"143,4231766","0,01002063919","14172,75885","0,0001",1,"0,3202235699","176,3812125",2_145_10,2,145,10,1594,FALSE,TRUE,7,"0,023037666",1,FALSE
27,"2,976965032","0,8853362209","0,6825776396","2,072620025","0,871949792","0,2035407871","0,6221055191","0,8281977755","0,2445547415","1,302636049","0,9499141245","0,115213468","0,5712522128","0,962956327","0,1576032338","2,974511948","0,8795734545","0,7435267394","0,9573317101","0,8410389524","0,9826500421","0,817287975","0,05565866766","0,04360686525","0,1484465058","0,04360686525","0,03240506149",0,"41,98645913","0,00286276236","14172,75885","0,0001",1,"0,3390696049","181,6812658",2_150_7,2,150,7,1646,FALSE,TRUE,4,"0,01636917196",6,FALSE
28,"2,51849885","0,868790213","0,5855350545","2,129406403","0,8321249967","0,2605893247","1,501975378","0,8550282447","0,2727958828","0,9670712875","0,801931489","0,7151528651","0,6136906958","0,9734470212","0,2417038737","2,912101161","0,8942127465","0,675845877","0,9573471781","0,8382003123","0,9603626846","0,8358005011","0,05615342977","0,06591098044","0,1407253469","0,06591098044","0,008163972977",0,"44,09818665","0,003011776305","14172,75885","0,0001",1,"0,3317391872","184,9004161",2_153_6,2,153,6,1678,FALSE,TRUE,7,"0,01017303482",3,FALSE
29,"1,720914699","0,8684936251","0,5293795939","1,715280061","0,8926680061","0,1961003655","2,617141416","0,8974057764","0,3002406205","1,645499591","0,9104030255","0,6674307862","0,7029460103","0,9510799556","0,3656227011","2,930290279","0,8380306546","0,7746020919","0,8746626417","0,7316019946","-0,3351675078","0,3368345629","0,07053828929","0,2545880983","0,2227720007","0,2545880983","0,001003611188",0,"143,4231766","0,01002063919","14172,75885","0,0001",1,"0,2132320404","185,5648646",2_154_1,2,154,1,1684,FALSE,TRUE,2,"0,02256082406",1,FALSE
30,"2,464021975","0,8581571191","0,5090575414","2,232360779","0,8478528367","0,2752540817","1,917304048","0,9274233856","0,2619239722","2,151762621","0,9519712653","0,4253665271","0,6151765406","0,9826603093","0,2215150871","2,768036614","0,8772744207","0,6932351558","0,9608314203","0,8667474706","0,9681278281","0,5432243393","0,05094066985","0,07066500368","0,2247247013","0,07066500368","0,009396923599",0,"40,41550388","0,002751907982","14172,75885","0,0001",1,"0,2712264061","187,9946003",2_156_4,2,156,4,1709,FALSE,TRUE,8,"0,02312694202",2,FALSE
31,"2,976965032","0,8853362209","0,6825776396","2,072620025","0,871949792","0,2035407871","0,6221055191","0,9095912747","0,188749262","2,656096498","0,8820763326","0,1246272809","0,6603626344","0,9415160024","0,1804532497","2,895204423","0,8825999036","0,7435267394","0,9573317101","0,8488356986","0,9811894614","0,8184323629","0,05427652926","0,04540527083","0,14798089","0,04540527083","0,06366828094",0,"41,98645913","0,00286276236","14172,75885","0,0001",1,"0,3653831482","191,1566992",2_158_9,2,158,9,1736,FALSE,TRUE,5,"0,02636660829",2,FALSE
32,"2,51849885","0,868790213","0,5855350545","2,129406403","0,8106426858","0,2537187243","1,276827975","0,8299184867","0,290181776","0,837238282","0,9599534261","0,4558753605","0,5661840109","0,9877904956","0,2417038737","2,912101161","0,8942127465","0,675845877","0,9573471781","0,8472545214","0,9649810727","0,8420776725","0,0545596568","0,06195224875","0,1380092457","0,06195224875","0,009860843429",0,"44,09818665","0,003011776305","14172,75885","0,0001",1,"0,4115438461","191,3588636",2_158_11,2,158,11,1738,FALSE,TRUE,7,"0,009984369374",10,FALSE
33,"2,464021975","0,8581571191","0,5090575414","2,232360779","0,8478528367","0,2752540817","1,917304048","0,8644853213","0,2740986794","1,178042953","0,8635438317","0,6053400966","0,6044865278","0,9781583737","0,1869593832","2,933216881","0,8791136478","0,7334684227","0,9580316522","0,8527077618","0,962770522","0,7945579423","0,05357687501","0,06387767916","0,1574095554","0,06387767916","0,009246937494",0,"41,67226809","0,002840591485","14172,75885","0,0001",1,"0,465898037","192,0931115",2_159_1,2,159,1,1739,FALSE,TRUE,7,"0,01279435428",3,FALSE
34,"2,725212831","0,8668322093","0,5495225689","2,163524048","0,9119039626","0,2289189654","1,352018358","0,8803102239","0,2242544172","2,496605592","0,9146616704","0,4028232505","0,6656953666","0,9645759584","0,2068829771","2,875377541","0,8833565158","0,6357648401","0,9591703911","0,8667668975","0,9605004726","0,4560623654","0,05093695638","0,07866734741","0,2452301641","0,07866734741","0,009038081792",0,"42,39762831","0,002891776492","14172,75885","0,0001",1,"0,3975889683","193,5614383",2_160_3,2,160,3,1752,FALSE,TRUE,8,"0,02628649401",2,FALSE
35,"2,885271795","0,8820270193","0,6631691225","2,0839773","0,863984833","0,2605893247","1,501975378","0,8550282447","0,2502029698","1,235523097","0,9203175974","0,2352013474","0,5797399094","0,9650544659","0,1744233618","2,962029791","0,8825013129","0,7299905669","0,9573348037","0,8568879174","0,9688575318","0,8303885384","0,05281114687","0,05842277346","0,1430256771","0,05842277346","0,008016471758",0,"42,40880463","0,002892565149","14172,75885","0,0001",1,"0,3793144226","195,1688924",2_161_8,2,161,8,1768,FALSE,TRUE,6,"0,0105016543",6,FALSE
36,"2,984539628","0,8853903487","0,6628909908","2,059660843","0,8961158962","0,2187608334","1,416697326","0,8536770044","0,2484341331","1,41860534","0,8503404326","0,3440821107","0,6281859463","0,9513179674","0,2692026293","2,825385473","0,8698388598","0,7631938164","0,9567719533","0,848756176","0,9688540142","0,8194675918","0,05429080393","0,05842607287","0,1475584218","0,05842607287","0,002726224937",0,"50,12672012","0,003437179464","14172,75885","0,0001",1,"0,3387765884","197,8141484",2_163_9,2,163,9,1791,FALSE,TRUE,1,"0,01082932848",3,TRUE
37,"2,976965032","0,8853362209","0,6825776396","2,072620025","0,871949792","0,157901957","1,081790368","0,8067334001","0,2445547415","1,302636049","0,9499141245","0,115213468","0,5712522128","0,962956327","0,1576032338","2,974511948","0,8795734545","0,7435267394","0,9573317101","0,8578093362","0,9827223197","0,8267416801","0,05264086158","0,04351594037","0,144555115","0,04351594037","0,007661030096",0,"41,98645913","0,00286276236","14172,75885","0,0001",1,"0,4522242546","198,7161298",2_164_3,2,164,3,1796,FALSE,TRUE,3,"0,01069533848",6,FALSE
38,"2,112479505","0,8653890403","0,5692596326","2,207411695","0,8785487578","0,2338272944","1,464935071","0,8304707212","0,2712222046","1,358496513","0,9543833653","0,1775427715","0,5769208069","0,9657379004","0,1675127215","2,955848251","0,8802088625","0,7401254757","0,9566210776","0,8637949011","0,9798907759","0,8332646486","0,05152098186","0,04694651003","0,1418078454","0,04694651003","0,01248217002",0,"44,99817805","0,003075284153","14172,75885","0,0001",1,"0,5682926178","200,5605233",2_165_4,2,165,4,1808,FALSE,TRUE,5,"0,01092353488",6,FALSE
39,"2,45812831","0,8592080462","0,5278032112","2,100081183","0,9013977305","0,2374196487","1,484618015","0,9253829211","0,2405980732","1,541429958","0,9428636337","0,1727354245","0,5901408436","0,9632802533","0,1674591825","2,954685067","0,8803300668","0,7219743596","0,9576994463","0,8685039938","0,973721506","0,829725225","0,05062251635","0,05366682369","0,1433050753","0,05366682369","0,004091751879",0,"42,64898114","0,002909513192","14172,75885","0,0001",1,"0,5772886276","200,8859994",2_165_8,2,165,8,1812,FALSE,TRUE,2,"0,01022757632",2,FALSE
40,"2,512938598","0,8620380284","0,503939121","2,042671243","0,9332804332","0,2765952134","1,922424968","0,9515003633","0,2503986879","1,586583207","0,8463421443","0,4464567115","0,6448710666","0,9702411865","0,20681013","2,871948931","0,87413502","0,736027035","0,9569442958","0,8560824171","0,9681686469","0,8332582746","0,05295956097","0,05906540767","0,141810556","0,05906540767","0,01370358509",0,"48,17961935","0,003299782397","14172,75885","0,0001",1,"0,5028641224","201,9540985",2_166_1,2,166,1,1816,FALSE,TRUE,8,"0,01112840782",3,FALSE
41,"2,402239521","0,8656270989","0,5900554652","2,162453414","0,8721907863","0,2012301995","1,101712698","0,881611902","0,2290721058","1,356082747","0,9364481129","0,3094277809","0,5056758322","0,9706501556","0,1794016315","2,978778573","0,9139256253","0,6993378572","0,954478699","0,8675937592","0,927605309","0,8162291371","0,05076800863","0,0854593707","0,1488615441","0,0854593707","0,005820655102",0,"35,01193259","0,002370605248","14172,75885","0,0001",1,"0,5765604973","202,1409917",2_166_2,2,166,2,1817,FALSE,TRUE,5,"0,01119425034",6,TRUE
42,"2,970905355","0,8852929187","0,6983269585","2,08298737","0,8526169087","0,1092148558","0,813864802","0,8308214833","0,2414512283","1,209860617","0,9704269219","0,115213468","0,5712522128","0,962956327","0,1576032338","2,974511948","0,8795734545","0,7435267394","0,9573317101","0,8512914886","0,9846631785","0,8106678582","0,05383384021","0,04099900693","0,1511118728","0,04099900693","0,006448239693",0,"41,98645913","0,00286276236","14172,75885","0,0001",1,"0,5602910519","202,8239107",2_166_11,2,166,11,1826,FALSE,TRUE,2,"0,0115862697",10,FALSE
43,"2,554575323","0,881752281","0,6610280096","2,086325836","0,8734501614","0,1599016742","1,066377346","0,8081579217","0,2423441244","1,38169524","0,9484202589","0,1722241766","0,601420014","0,9953494316","0,2738785125","2,822202945","0,8712648627","0,7410195213","0,9575267494","0,8535685304","0,9713626882","0,7967338954","0,0534200953","0,05602369894","0,1565737295","0,05602369894","0,008764916318",0,"48,90471082","0,00335094844","14172,75885","0,0001",1,"0,5928590298","205,3595462",2_168_6,2,168,6,1843,FALSE,TRUE,5,"0,01262032266",6,FALSE
44,"2,458182949","0,8596960986","0,5513791673","2,107260417","0,872975081","0,1576179795","1,089913387","0,9123219927","0,2369718724","1,383464829","0,9803714727","0,1556152323","0,5555399014","0,9739831276","0,1139501444","2,94256098","0,8868787333","0,7090512331","0,9569442958","0,8718169167","0,9723574159","0,822446456","0,04998075417","0,05504209745","0,1463359687","0,05504209745","0,01238683922",0,"37,2429","0,00252803335","14172,75885","0,0001",1,"0,5343630314","205,5415602",2_168_9,2,168,9,1846,FALSE,TRUE,7,"0,01155448338",2,FALSE
45,"2,436043133","0,8604139127","0,5686024361","2,131216851","0,8607571517","0,1425449768","0,9257709323","0,881611902","0,2290721058","1,356082747","0,9364481129","0,3094277809","0,5056758322","0,9706501556","0,1794016315","2,978778573","0,9139256253","0,7017133975","0,9575031023","0,8678572264","0,9683840429","0,811112145","0,05074685789","0,05886522687","0,1509344691","0,05886522687","0,01075936879",0,"34,60936266","0,002342197921","14172,75885","0,0001",1,"0,5828430653","205,6746905",2_168_10,2,168,10,1847,FALSE,TRUE,7,"0,01199904358",10,FALSE
46,"2,691155883","0,8621618034","0,5429332065","2,100382399","0,8981304774","0,2343516536","1,398473269","0,9187553371","0,2497406573","1,560657353","0,9325949408","0,2373539977","0,6026412584","0,9586403905","0,2290546118","2,950870377","0,8658949105","0,7232330746","0,957102219","0,8668654939","0,9713827402","0,8112998063","0,0509369297","0,05600408149","0,1508594733","0,05600408149","0,006840324505",0,"43,57989079","0,002975202784","14172,75885","0,0001",1,"0,5073409081","206,4192066",2_169_2,2,169,2,1850,FALSE,TRUE,3,"0,01157882642",2,FALSE
47,"2,37358025","0,8583153167","0,5373305635","2,126756068","0,9051042496","0,249212245","1,405856519","0,920007467","0,2818461917","1,570534238","0,9521500743","0,2134855233","0,5892854076","0,9673585257","0,1953038035","2,930144984","0,8844052987","0,6902549612","0,9551551315","0,8639320762","0,9805557556","0,6444676143","0,05149503138","0,04939111322","0,1982426225","0,04939111322","0,02428599217",0,"48,61875847","0,003330770227","14172,75885","0,0001",1,"0,6350972652","206,7429907",2_169_5,2,169,5,1853,FALSE,TRUE,8,"0,02082043277",2,FALSE
48,"2,385007132","0,8872131197","0,6396900311","1,835946429","0,87492483","0,1996939009","2,26979667","0,8311376726","0,247026834","0,9988426263","0,8200650179","0,7997210782","0,7722526838","0,9326134816","0,4390221968","2,809496171","0,8463674985","0,7728990978","0,8889063611","0,7264816376","-0,7935176728","0,5551965","0,07125121768","0,3262268593","0,1882493555","0,3262268593","0,003260025006",0,"124,3072191","0,008671722618","14172,75885","0,0001",1,"0,5347964764","206,7165763",2_169_6,2,169,6,1854,FALSE,TRUE,4,"0,01719450584",1,FALSE
49,"2,970905355","0,8852929187","0,6983269585","2,08298737","0,8526169087","0,1092148558","0,813864802","0,8224459511","0,1944197146","0,861349437","0,981553961","0,115213468","0,5712522128","0,962956327","0,1576032338","2,974511948","0,8795734545","0,7435267394","0,9573317101","0,8540450893","0,9847586086","0,8120942899","0,05333309704","0,04087125402","0,1505415568","0,04087125402","0,00602959484",0,"41,98645913","0,00286276236","14172,75885","0,0001",1,"0,6628196239","206,9962101",2_169_8,2,169,8,1856,FALSE,TRUE,1,"0,01146743851",10,FALSE
50,"2,554464425","0,8638497849","0,5265276193","2,078199184","0,9287143409","0,270309634","1,970355507","0,9295964027","0,2481053762","1,647244364","0,842285235","0,2352013474","0,6336076436","0,9543244081","0,2581315347","2,836852831","0,8729766402","0,7393112626","0,9571787124","0,8591369394","0,9700037008","0,8276225479","0,05239453715","0,05733759778","0,1441871782","0,05733759778","0,0101535287",0,"49,11315463","0,003365657267","14172,75885","0,0001",1,"0,5833177567","207,1187003",2_169_10,2,169,10,1858,FALSE,TRUE,6,"0,01092770035",3,FALSE
51,"2,532239606","0,8633982436","0,5533146993","2,099335739","0,8934174186","0,2269117175","1,439767316","0,9031742879","0,2441969082","1,463807965","0,9414542321","0,1828601962","0,5734049808","0,9696469348","0,1788528824","2,843776615","0,8818808801","0,6525945829","0,9551904521","0,8659848953","0,9827028487","0,6161979384","0,05110510949","0,04658440709","0,2059733831","0,04658440709","0,02659074577",0,"44,73203595","0,003056503849","14172,75885","0,0001",1,"0,2867200375","209,3297293",2_171_1,2,171,1,1871,FALSE,TRUE,5,"0,02229179842",2,FALSE
52,"2,056288658","0,8427710512","0,4463779471","2,129666385","0,9000336841","0,2368431061","1,066377346","0,8081579217","0,2423441244","1,38169524","0,9484202589","0,1722241766","0,601420014","0,9953494316","0,2738785125","2,822202945","0,8712648627","0,7410195213","0,9575267494","0,8671861816","0,9784091793","0,8324180714","0,05087554557","0,04864522657","0,1421673951","0,04864522657","0,01487649538",0,"48,90471082","0,00335094844","14172,75885","0,0001",1,"0,3693926334","209,5271308",2_171_3,2,171,3,1873,FALSE,TRUE,7,"0,01138781076",6,FALSE
53,"2,691155883","0,8621618034","0,5429332065","2,100382399","0,8981304774","0,2343516536","1,398473269","0,9187553371","0,2497406573","1,560657353","0,9325949408","0,3227364881","0,6230770087","0,952782452","0,2290546118","2,950870377","0,8658949105","0,7232330746","0,957102219","0,8652022475","0,9712466334","0,813170082","0,05125411909","0,05613710424","0,1501100003","0,05613710424","0,008746294066",0,"43,57989079","0,002975202784","14172,75885","0,0001",1,"0,3829648495","210,1975014",2_171_10,2,171,10,1880,FALSE,TRUE,5,"0,01164345844",2,FALSE
54,"2,984539628","0,8853903487","0,6628909908","2,059660843","0,8961158962","0,2786753322","1,953299896","0,9360265804","0,2853768199","1,962669756","0,8193881707","0,3900996759","0,6432968509","0,9515771084","0,2770873882","2,809523968","0,8698388598","0,7631938164","0,9567719533","0,846505893","0,9533991483","0,8154052094","0,05469319589","0,07146651138","0,149209383","0,07146651138","0,0055598665",0,"50,12672012","0,003437179464","14172,75885","0,0001",1,"0,3396325111","210,2426052",2_171_11,2,171,11,1881,FALSE,TRUE,4,"0,01122951212",3,FALSE
55,"1,835588945","0,8656789175","0,5322484461","2,346488369","0,9311929308","0,2787439893","2,888324618","0,9390216325","0,2489728829","2,416672647","0,9018056408","0,327900639","0,7282125131","0,9683523363","0,1998006009","2,111294566","0,956017447","0,410215156","0,9630509532","0,859791815","0,9863589903","0,5758506673","0,05230793808","0,0467163341","0,2165709884","0,0467163341","0,06701352201",0,"43,62447921","0,002978349164","14172,75885","0,0001",1,"0,3847279549","211,0885434",2_172_6,2,172,6,1887,FALSE,TRUE,6,"0,03325574012",9,FALSE
56,"2,464021975","0,8581571191","0,5090575414","2,232360779","0,8478528367","0,2752540817","1,917304048","0,9705681346","0,2410293466","1,567012251","0,9989817658","0,1221790099","0,5625738982","0,9562882467","0,3223900267","2,917604497","0,846852543","0,7491334542","0,8916306327","0,855133238","0,5110754912","0,8986123806","0,05188356416","0,1569837174","0,08738865776","0,1569837174","0,006032481417",0,"41,67226809","0,002840591485","14172,75885","0,0001",1,"0,4135630131","211,2658036",2_172_8,2,172,8,1889,FALSE,TRUE,6,"0,002592254622",2,TRUE
57,"2,112479505","0,8653890403","0,5692596326","2,207411695","0,8785487578","0,2338272944","1,464935071","0,8304707212","0,2712222046","1,406583574","0,8711490191","0,1775427715","0,5769208069","0,9657379004","0,1675127215","2,955848251","0,8802088625","0,7401254757","0,9566210776","0,8638362715","0,9798836771","0,8332473604","0,05151315687","0,04695479561","0,141815197","0,04695479561","0,01257736288",0,"44,99817805","0,003075284153","14172,75885","0,0001",1,"0,2976987362","212,4829454",2_173_6,2,173,6,1898,FALSE,TRUE,6,"0,01093994705",6,FALSE
58,"2,056288658","0,8427710512","0,4463779471","2,129666385","0,9000336841","0,2737573214","2,250390107","0,9395240657","0,373318046","2,220058844","0,9484202589","0,1722241766","0,601420014","0,9953494316","0,2738785125","2,822202945","0,8712648627","0,7410195213","0,9575267494","0,867543755","0,9742089626","0,834258018","0,05080701353","0,05316674357","0,1413847858","0,05316674357","0,01533630764",0,"48,90471082","0,00335094844","14172,75885","0,0001",1,"0,3611631393","212,964833",2_173_11,2,173,11,1903,FALSE,TRUE,8,"0,01136769841",2,FALSE
59,"2,603378993","0,9022952392","0,5376456372","2,085509933","0,844967967","0,1119617093","0,806611648","0,8126186339","0,2492645902","1,092229678","0,9736463774","0,727694772","0,6224330693","0,9557136524","0,2549155752","2,854142111","0,8708802768","0,7601473785","0,9570582988","0,8342415281","0,9740705239","0,82863421","0,05683623683","0,05330924434","0,1437634472","0,05330924434","0,004392921894",0,"48,06676726","0,003291818995","14172,75885","0,0001",1,"0,2567281723","213,4232023",2_174_1,2,174,1,1904,FALSE,TRUE,2,"0,01031542172",10,FALSE
60,"2,442803856","0,8593712755","0,5643118302","2,124969538","0,8584704247","0,1308079322","0,8905825793","0,8916438747","0,195081345","1,058555793","0,9534486477","0,3094277809","0,5056758322","0,9706501556","0,1794016315","2,978778573","0,9139256253","0,7017133975","0,9575031023","0,8663775746","0,9670048248","0,8129088313","0,0510301827","0,06013549292","0,1502149155","0,06013549292","0,01114171268",0,"34,52884866","0,002336516455","14172,75885","0,0001",1,"0,3871023655","213,7313569",2_174_4,2,174,4,1907,FALSE,TRUE,8,"0,01194226458",10,FALSE
61,"2,384984878","0,8662747595","0,550559387","2,166799536","0,896813867","0,1971490093","2,999288885","0,9731919949","0,2710580956","2,873232436","0,8721935737","0,7689187159","0,6836796282","0,9837578149","0,1504718509","2,831673151","0,8789709667","0,7494567737","0,9534075269","0,8328093034","0,9189661852","0,8327562572","0,05704820112","0,09041478903","0,1420100667","0,09041478903","0,007358025271",0,"47,32240499","0,003239293109","14172,75885","0,0001",1,"0,3334307671","213,7475121",2_174_5,2,174,5,1908,FALSE,TRUE,6,"0,0102808715",1,TRUE
62,"2,691155883","0,8621618034","0,5429332065","2,100382399","0,8981304774","0,2343516536","1,398473269","0,9187553371","0,2497406573","1,560657353","0,9325949408","0,2373539977","0,6026412584","0,9714038274","0,117386007","2,910915186","0,8846254216","0,7232330746","0,957102219","0,8669426621","0,9704627459","0,8109278918","0,05092216539","0,05689717645","0,1510080667","0,05689717645","0,006975398639",0,"43,57989079","0,002975202784","14172,75885","0,0001",1,"0,2995646","213,8751593",2_174_7,2,174,7,1910,FALSE,TRUE,4,"0,01161268926",2,FALSE
63,"2,984539628","0,8853903487","0,6628909908","2,059660843","0,8961158962","0,2187608334","1,416697326","0,8536770044","0,2484341331","1,516865034","0,9243589935","0,2070047617","0,5977498641","0,9608877961","0,1878078718","2,928825148","0,8782318254","0,7302182509","0,9575139477","0,8575954609","0,9752540812","0,8307256425","0,05268043643","0,05207837772","0,142883474","0,05207837772","0,006911658166",0,"44,14452894","0,003015046447","14172,75885","0,0001",1,"0,4120345116","214,0630236",2_174_8,2,174,8,1911,FALSE,TRUE,3,"0,010370235",6,FALSE
64,"2,916879132","0,8752754203","0,6628029301","2,108459036","0,9328994706","0,2463037054","0,6616404682","0,8245627636","0,2751073485","1,085006795","0,936431148","0,2614567189","0,5290865743","0,9722007085","0,1268421227","2,916192413","0,8879918557","0,7214258177","0,9575779249","0,8384583466","0,9817811027","0,8081795692","0,05610863583","0,04468550803","0,1521016219","0,04468550803","0,009722506328",0,"41,81579219","0,002850719256","14172,75885","0,0001",1,"0,4309561253","214,1549582",2_174_9,2,174,9,1912,FALSE,TRUE,4,"0,01204843278",6,FALSE
65,"2,735073556","0,8716910622","0,7731279845","2,08298737","0,8526169087","0,1092148558","0,813864802","0,8224459511","0,1944197146","0,6766452446","0,9878800279","0,5747715752","0,5303075277","0,9687504667","0,1202466392","2,929192182","0,8865279967","0,7302302282","0,9575504392","0,8172586836","0,9840292193","0,7787156433","0,05967684057","0,04183778932","0,1633660358","0,04183778932","0,003970233925",0,"37,12221264","0,002519517053","14172,75885","0,0001",1,"0,3269228935","214,8526971",2_175_2,2,175,2,1916,FALSE,TRUE,1,"0,01333739966",10,FALSE
66,"2,546905177","0,8958122367","0,544823732","2,081141508","0,8553303882","0,1333724607","0,9236131343","0,8305573271","0,2210837781","1,449353005","0,9186801073","0,1600044314","0,5949779784","0,9569735185","0,1584761336","2,937465789","0,8723378342","0,7544339007","0,9565883321","0,8613102448","0,9797977133","0,8320017444","0,05198878152","0,04705501547","0,1423438802","0,04705501547","0,0154060492",0,"48,43579866","0,003317859677","14172,75885","0,0001",1,"0,3579576015","215,3479118",2_175_9,2,175,9,1923,FALSE,TRUE,7,"0,01151080451",6,FALSE
67,"1,934114424","0,8787002207","0,4354694524","1,734867424","0,9342544961","0,2962113668","2,857160821","0,9289471979","0,3532928788","2,327915141","0,8211052371","0,7829705483","0,7572512303","0,9351038376","0,5056907759","2,816152547","0,8234666372","0,7957032899","0,8772922289","0,7328569404","-0,3787655688","0,4492245714","0,07045405377","0,2579146349","0,2084028574","0,2579146349","0,004181735592",0,"151,2883252","0,010575643","14172,75885","0,0001",1,"0,3336672783","216,1104007",2_176_4,2,176,4,1929,FALSE,TRUE,5,"0,02036532874",1,FALSE
68,"2,056288658","0,8427710512","0,4463779471","2,129666385","0,9000336841","0,2368431061","2,789254621","0,9045410481","0,331872856","2,186306797","0,8079747959","0,3838378927","0,601420014","0,9953494316","0,2738785125","2,822202945","0,8712648627","0,7410195213","0,9575267494","0,8610982933","0,9751847115","0,8365823287","0,05202849208","0,05215132176","0,1403899188","0,05215132176","0,01841417838",0,"48,90471082","0,00335094844","14172,75885","0,0001",1,"0,3274798393","216,438834",2_176_8,2,176,8,1933,FALSE,TRUE,8,"0,0118698653",1,FALSE
69,"2,984539628","0,8853903487","0,6628909908","2,059660843","0,8961158962","0,2187608334","1,416697326","0,8536770044","0,2484341331","1,516865034","0,9243589935","0,2070047617","0,5977498641","0,9608877961","0,1878078718","2,928825148","0,8782318254","0,7195906237","0,9577181242","0,8576926831","0,9745131357","0,830752861","0,05266245041","0,05285229603","0,1428719861","0,05285229603","0,00736925156",0,"44,14452894","0,003015046447","14172,75885","0,0001",1,"0,3516585827","217,4339888",2_177_5,2,177,5,1941,FALSE,TRUE,4,"0,01041218654",6,FALSE
70,"2,885271795","0,895599168","0,6031057964","2,064524134","0,8896896835","0,2271265317","1,433752937","0,8539472525","0,2487879004","1,529752245","0,859275012","0,2453405277","0,6512524871","0,9494299554","0,2801320515","2,888970149","0,8668077167","0,7671903755","0,9567095401","0,8544788636","0,9699251317","0,8236430976","0,05325378577","0,05741264073","0,1458420113","0,05741264073","0,004588318032",0,"52,47453422","0,003602852847","14172,75885","0,0001",1,"0,3063893318","218,3743715",2_178_1,2,178,1,1948,FALSE,TRUE,3,"0,0106482423",3,FALSE
71,"2,112479505","0,8653890403","0,5692596326","2,207411695","0,8785487578","0,1341373435","0,9440788558","0,8240509051","0,2097802126","1,108542206","0,9710589884","0,439967157","0,6051416798","0,95887733","0,189470407","2,992964979","0,8741369024","0,7401254757","0,9566210776","0,8519668037","0,9790141133","0,8303266194","0,05371146601","0,04795891146","0,1430517814","0,04795891146","0,02597126792",0,"44,99817805","0,003075284153","14172,75885","0,0001",1,"0,3164110184","219,0679517",2_178_11,2,178,11,1958,FALSE,TRUE,8,"0,01402676523",10,FALSE
72,"2,537624583","0,8589037253","0,7869298497","2,086466376","0,8617196225","0,1342422153","0,9307864955","0,9187553371","0,2497406573","1,560657353","0,9325949408","0,2373539977","0,6026412584","0,9586403905","0,1121229581","2,897272009","0,8879650132","0,7181935884","0,9576357785","0,8531373615","0,9820402711","0,7664141254","0,05349868549","0,04436653826","0,1678455001","0,04436653826","0,06831893271",0,"34,52235107","0,002336057953","14172,75885","0,0001",1,"0,2432765961","220,9341841",2_180_1,2,180,1,1970,FALSE,TRUE,5,"0,02932747198",2,FALSE
73,"2,984539628","0,8853903487","0,6628909908","2,059660843","0,8961158962","0,2187608334","0,9344313068","0,8286921618","0,2052225983","0,9924525563","0,9701149675","0,1335717268","0,5977498641","0,9608877961","0,1878078718","2,928825148","0,8782318254","0,7302182509","0,9575139477","0,8569877983","0,978432656","0,8266306934","0,05279271465","0,04861877229","0,1446014075","0,04861877229","0,01148864737",0,"44,14452894","0,003015046447","14172,75885","0,0001",1,"0,2976284027","221,053741",2_180_2,2,180,2,1971,FALSE,TRUE,6,"0,01117175982",6,FALSE
74,"2,916879132","0,8752754203","0,6628029301","2,108459036","0,9328994706","0,2463037054","0,7834199353","0,8228693136","0,2105572414","0,7583175548","0,9775902519","0,5121086039","0,530063337","0,969440515","0,1215657359","2,916192413","0,8879918557","0,7214258177","0,9575779249","0,8324011394","0,977509358","0,8143090392","0,05715088748","0,04964855141","0,1496517486","0,04964855141","0,02089943035",0,"41,81579219","0,002850719256","14172,75885","0,0001",1,"0,4073226452","221,225714",2_180_3,2,180,3,1972,FALSE,TRUE,8,"0,01359675275",10,FALSE
75,"2,972467325","0,8547443983","0,6139087405","2,113081018","0,8660795922","0,1466484106","0,8692539483","0,837657891","0,2449035048","1,174233176","0,9780414827","0,4001785277","0,6069302512","0,962464073","0,2173043202","2,982262302","0,8782363752","0,7181340741","0,9567214111","0,8469993947","0,9808526689","0,8305478705","0,05460520256","0,04580994589","0,1429584825","0,04580994589","0,003051465494",0,"47,20431621","0,00323096018","14172,75885","0,0001",1,"0,3660984039","221,2510393",2_180_4,2,180,4,1973,FALSE,TRUE,1,"0,01012467303",10,TRUE
76,"2,959997936","0,8852149746","0,7266757326","2,101648592","0,8178177188","0,02157807366","0,6684012171","0,8025388915","0,1512081799","0,584455285","0,9134752162","0,2678814462","0,525705226","0,9722670147","0,1316762826","2,906186872","0,8795734545","0,7277930779","0,9577795156","0,841195457","0,9866992918","0,7824603828","0,05563126163","0,03818062537","0,1619778365","0,03818062537","0,01476469012",0,"35,47425036","0,002403228678","14172,75885","0,0001",1,"0,3814947605","221,4762278",2_180_7,2,180,7,1976,FALSE,TRUE,1,"0,01415935252",10,FALSE
77,"2,8466485","0,895599168","0,6031057964","2,060633501","0,8948306536","0,2204339731","1,420108448","0,853731054","0,2485048865","1,588598074","0,8470664949","0,2433126916","0,6655550026","0,9463050533","0,3012737894","2,874358221","0,8636689974","0,7746303372","0,9565844874","0,8530071484","0,9684792109","0,8186979044","0,05352239706","0,05877656428","0,1478726398","0,05877656428","0,00269475791",0,"54,48768014","0,003744910387","14172,75885","0,0001",1,"0,3379142284","221,5775666",2_180_9,2,180,9,1978,FALSE,TRUE,1,"0,01087728467",3,FALSE
78,"2,642747606","0,8971343275","0,7414211054","2,041191407","0,8880800545","0,191653693","1,400462667","0,8415923726","0,2111675659","0,994373038","0,8585678685","0,4105404964","0,6248670006","0,9599595687","0,2737540822","2,796842863","0,9037955532","0,6228580737","0,9571939835","0,831318705","0,9163168197","0,7723311284","0,05733514448","0,09576895399","0,1657060029","0,09576895399","0,008738954816",0,"50,94676998","0,003495046241","14172,75885","0,0001",1,"0,3373043537","222,2815626",2_181_2,2,181,2,1982,FALSE,TRUE,8,"0,01400432208",3,FALSE
79,"2,546905177","0,8958122367","0,544823732","2,081141508","0,8553303882","0,1333724607","0,9236131343","0,8305573271","0,1997525273","0,8311867968","0,9740400438","0,4918181464","0,5949779784","0,9569735185","0,1584761336","2,937465789","0,8723378342","0,7544339007","0,9565883321","0,8458143226","0,9768285699","0,8373432009","0,05481626801","0,05039437637","0,1400627099","0,05039437637","0,009976796139",0,"48,43579866","0,003317859677","14172,75885","0,0001",1,"0,2956645489","222,3007829",2_181_3,2,181,3,1983,FALSE,TRUE,5,"0,01029983712",10,FALSE
80,"2,112479505","0,8653890403","0,5692596326","2,207411695","0,8785487578","0,2338272944","1,129918387","0,8268145205","0,1338223976","0,6937423173","0,8709876215","0,1775427715","0,5769208069","0,9657379004","0,1675127215","2,955848251","0,8802088625","0,7401254757","0,9566210776","0,8559486577","0,9788197498","0,8367745382","0,052984166","0,04818048841","0,1403073322","0,04818048841","0,01091143129",0,"44,99817805","0,003075284153","14172,75885","0,0001",1,"0,3283264637","222,6833637",2_181_8,2,181,8,1988,FALSE,TRUE,5,"0,01046731712",6,FALSE
81,"1,934114424","0,8787002207","0,4354694524","1,734867424","0,9342544961","0,1460131401","2,857160821","0,9289471979","0,3532928788","2,327915141","0,8211052371","0,7829705483","0,7572512303","0,9351038376","0,5056907759","2,816152547","0,8234666372","0,7957032899","0,8772922289","0,7335590391","-0,3701496775","0,4590010735","0,07036141007","0,2571075191","0,2065449554","0,2571075191","0,005770358039",0,"151,2883252","0,010575643","14172,75885","0,0001",1,"0,3907446861","222,8158019",2_181_9,2,181,9,1989,FALSE,TRUE,5,"0,02012923425",1,FALSE
82,"2,783766721","0,8891589831","0,593147577","2,068373949","0,8945480066","0,2269117175","1,439767316","0,9031742879","0,2441969082","1,463807965","0,9414542321","0,2312221926","0,6471249983","0,9509734296","0,276789608","2,8682419","0,867311374","0,7502231863","0,9563056804","0,8553204014","0,9688868634","0,8284425795","0,05309958117","0,0583952542","0,1438438067","0,0583952542","0,007395872508",0,"52,5365513","0,003607229079","14172,75885","0,0001",1,"0,3577346802","222,9213014",2_181_11,2,181,11,1991,FALSE,TRUE,5,"0,01056171435",2,FALSE
83,"2,537624583","0,8589037253","0,7869298497","2,065021949","0,8892366414","0,2018571098","1,31951516","0,866692671","0,2486954379","1,447015742","0,8667913342","0,3227364881","0,6026412584","0,9586403905","0,1121229581","2,897272009","0,8879650132","0,7181935884","0,9576357785","0,8529609598","0,9800420565","0,7938866823","0,05353080539","0,04676958859","0,1576665051","0,04676958859","0,06737728398",0,"34,52235107","0,002336057953","14172,75885","0,0001",1,"0,3885891438","223,9636726",2_182_9,2,182,9,2000,FALSE,TRUE,7,"0,02828221065",3,FALSE
84,"2,786216347","0,8499921033","0,6628909908","2,059660843","0,8961158962","0,2187608334","1,416697326","0,8536770044","0,2484341331","1,516865034","0,9243589935","0,2070047617","0,5977498641","0,9608877961","0,1815197549","2,935319059","0,8837990989","0,7099137005","0,9570549017","0,8590345603","0,973293094","0,8345874452","0,05241357382","0,0541025138","0,1412442083","0,0541025138","0,0149594648",0,"42,70096155","0,002913181187","14172,75885","0,0001",1,"0,3491537571","224,0006773",2_182_10,2,182,10,2001,FALSE,TRUE,8,"0,01127738514",6,FALSE
85,"1,710222215","0,9617126493","0,5306206292","1,731967017","0,8510564719","0,03335160879","0,8495763828","0,9019635181","0,6141832835","1,29244887","0,8720326909","0,5707293486","1,038437757","0,8737781002","0,3211360714","2,684355773","0,935153859","0,5540620107","0,8579627481","0,1942324177","-7,483488832","-5,734266818","0,1209518988","0,714950981","0,6907203848","0,714950981","0,001272170016",0,"1704,199903","0,1201567698","14172,75885","0,0001",1,"0,3099858761","67,101017",3_51_11,3,51,11,561,FALSE,TRUE,3,"0,09579483181",5,FALSE
86,"2,096146342","0,8525143522","0,5674487609","1,75563206","0,9020801778","0,281948977","2,282591565","0,852835259","0,4463059272","1,92462203","0,9093212133","0,3619934301","1,031368848","0,868218978","0,395280413","2,863809429","0,8733370275","0,6327780372","0,8703957114","0,3511110547","-6,033989127","-3,542718349","0,1088676922","0,6328441561","0,5829841408","0,6328441561","0,002723912753",0,"923,181479","0,06504424428","14172,75885","0,0001",1,"0,34461689","101,4341965",3_78_5,3,78,5,852,FALSE,TRUE,6,"0,07893869083",5,FALSE
87,"2,08098726","0,854394943","0,5461342761","1,807101855","0,9028243596","0,2412323659","1,38775189","0,8379672031","0,2480892137","1,564234172","0,9093697229","0,4089621973","1,036882738","0,8731832241","0,3944477673","2,93549541","0,8879526818","0,6298396865","0,8747353067","0,3795950529","-5,778208705","-3,115118557","0,107243976","0,5736244945","0,5549333676","0,5736244945","0,001619854317",0,"835,9884891","0,05889147537","14172,75885","0,0001",1,"0,2203791142","132,9538949",3_105_1,3,105,1,1145,FALSE,TRUE,5,"0,07454486886",5,FALSE
88,"2,115089725","0,9295832164","0,6300577509","1,978374914","0,8845795694","0,1687542947","0,9280847905","0,8436827963","0,3579168195","0,5159754812","0,8098654217","0,7986049954","1,05046449","0,8543835279","0,396166806","2,963224712","0,8655302027","0,5311678742","0,8615647849","0,5135704607","-3,273500597","-1,40403916","0,09387249654","0,4774896243","0,4127433506","0,4774896243","0,004525081296",0,"391,3514009","0,02751568177","14172,75885","0,0001",1,"0,3272969723","190,8780341",3_154_2,3,154,2,1685,FALSE,TRUE,7,"0,05231526329",5,FALSE
89,"2,735687924","0,9928727993","0,2131891455","2,834584546","0,9773865442","0,2629075632","2,979311089","0,8237223573","0,1937768705","1,417931449","0,9642494323","0,5733303681","0,9716252308","0,8544827734","0,7290681055","2,969443973","0,8522819392","0,4807176353","0,8690008968","0,8428498202","0,260300558","0,3573638958","0,05357612141","0,2052218382","0,2192711002","0,2052218382","0,005011172076",0,"52,0534224","0,003573137113","14172,75885","0,0001",1,"0,3117470741","199,069788",3_161_6,3,161,6,1766,FALSE,TRUE,4,"0,02208554655",4,FALSE
90,"2,115089725","0,9295832164","0,6300577509","1,978374914","0,8845795694","0,1687542947","0,9280847905","0,8436827963","0,3579168195","0,5159754812","0,8098654217","0,7986049954","1,05046449","0,8543835279","0,396166806","2,963224712","0,8655302027","0,4653390167","0,8615647849","0,5134763236","-3,34709329","-1,414188875","0,09388157952","0,4815834289","0,4136137222","0,4815834289","0,001411463467",0,"391,3514009","0,02751568177","14172,75885","0,0001",1,"0,3109164238","200,030066",3_162_4,3,162,4,1775,FALSE,TRUE,4,"0,05242803762",5,TRUE
91,"2,735687924","0,9928727993","0,2131891455","2,859535139","0,9773865442","0,2629075632","2,979311089","0,8237223573","0,1937768705","1,417931449","0,9642494323","0,5733303681","0,9716252308","0,8544827734","0,7290681055","2,969443973","0,8522819392","0,4807176353","0,8690008968","0,8427931889","0,2598043219","0,3340456379","0,05358577399","0,2052906644","0,2232138144","0,2052906644","0,002082296074",0,"52,0534224","0,003573137113","14172,75885","0,0001",1,"0,4189732075","205,7041719",3_166_11,3,166,11,1826,FALSE,TRUE,1,"0,02263898135",4,FALSE
92,"2,809035143","0,9926886441","0,3190828083","2,694728584","0,9591762646","0,2817940994","2,690907734","0,8383760392","0,1468379844","0,7439070988","0,9331077908","0,544091051","0,901815623","0,8372756686","0,2318819226","2,724252531","0,8555520973","0,5328124363","0,8702233172","0,8492223121","0,3387541661","0,4399776887","0,05247861546","0,1940338058","0,2046922971","0,1940338058","0,006955766211",0,"41,56140301","0,002832768296","14172,75885","0,0001",1,"0,3308317661","222,8833106",3_180_3,3,180,3,1972,FALSE,TRUE,7,"0,01989344016",4,FALSE
93,"2,65583612","0,9498432777","0,2473240075","2,830127711","0,9661784531","0,2806462414","1,840307831","0,817251748","0,1018118704","1,87056664","0,9487238096","0,4530878786","0,901140078","0,8485295511","0,698594293","2,913232822","0,8421340707","0,5039407618","0,8693402159","0,8466033792","0,2858282753","0,4727096897","0,05293241702","0,2016495483","0,1986203443","0,2016495483","0,007581779892",0,"51,17014394","0,003510808613","14172,75885","0,0001",1,"0,287447691","225,0342727",3_182_2,3,182,2,1993,FALSE,TRUE,8,"0,01898474497",4,FALSE
94,"2,628813427","0,892420305","0,4206961155","1,543985742","0,9206741202","0,2328276715","2,233640175","0,8736142569","0,1942944926","1,995867971","0,9222668138","0,4316412502","0,927498615","0,9082548751","0,2857671962","2,452481783","0,8674157489","0,6084152821","0,8519760994","0,2285711793","-5,353046524","-5,532359996","0,1185235039","0,6452839348","0,6637443604","0,6452839348","0,002269087112",0,"1611,638874","0,1136252055","14172,75885","0,0001",1,"0,3094391823","49,35933089",4_41_2,4,41,2,442,FALSE,TRUE,6,"0,09157546858",9,FALSE
95,"2,695392197","0,8932811694","0,6229892963","1,757878019","0,9590519875","0,1725807001","1,865842928","0,8546383336","0,2500627198","1,672470924","0,9335601516","0,3922262268","0,9610480688","0,9607151386","0,4084049264","2,527604255","0,8829582193","0,450917141","0,8621181076","0,5010877191","-3,999265326","-1,930147205","0,09506934354","0,5164462732","0,4556737764","0,5164462732","0,003915878833",0,"484,7676974","0,034107598","14172,75885","0,0001",1,"0,3595843315","71,33445263",4_60_10,4,60,10,659,FALSE,TRUE,6,"0,05902518027",9,FALSE
96,"2,479504638","0,8521791965","0,6303633666","1,706089927","0,9276005849","0,2151727925","2,369283276","0,869081379","0,1978285872","2,166455825","0,912804255","0,4627820622","1,015244503","0,9517402475","0,4820563791","2,474700259","0,9049032166","0,399353309","0,8512397064","0,2570385626","-4,97158728","-5,075817298","0,1163160614","0,6256115055","0,6401299421","0,6256115055","0,003923793278",0,"1327,765333","0,09359368345","14172,75885","0,0001",1,"0,402939558","75,45937943",4_64_4,4,64,4,697,FALSE,TRUE,7,"0,08788764815",9,FALSE
97,"2,240483001","0,934154289","0,7147005491","1,991545854","0,9935259847","0,2652640547","2,639794293","0,815186765","0,2648632844","2,409922623","0,9771712145","0,4092669978","0,9032696925","0,9482858718","0,3901308147","2,66575247","0,9838078742","0,4615664316","0,8548610593","0,6747979838","-0,8542450716","-0,1625186924","0,07683655243","0,3392258752","0,2796932972","0,3392258752","0,004561482548",0,"197,2958627","0,01382216255","14172,75885","0,0001",1,"0,4874885082","76,82129741",4_65_4,4,65,4,708,FALSE,TRUE,7,"0,03151007623",9,TRUE
98,"2,456316759","0,8596275414","0,3202603464","1,650893709","0,9300431601","0,280783815","2,723370648","0,8581615566","0,2319358177","2,597480651","0,9566112372","0,4030247394","0,8475282938","0,9623783882","0,1506737271","2,662875282","0,882521954","0,7474929378","0,855479385","0,602607352","-1,698880742","-1,100257046","0,08493783161","0,4092580702","0,3759398048","0,4092580702","0,004047763639",0,"341,6758445","0,02401032865","14172,75885","0,0001",1,"0,5014264584","79,48203516",4_67_4,4,67,4,730,FALSE,TRUE,6,"0,04655257819",1,FALSE
99,"2,814627284","0,9432855486","0,5926537629","1,564426681","0,8881029691","0,2101480839","1,890773053","0,8932688155","0,1636314061","1,621924711","0,9373474966","0,3838428214","0,838402497","0,9509177434","0,3228750427","2,237401777","0,9245119311","0,4953501317","0,856865228","0,586923409","-1,881059397","-1,21602042","0,08659773793","0,4228453031","0,3861614934","0,4228453031","0,002490087169",0,"338,2578193","0,02376913588","14172,75885","0,0001",1,"0,4711301327","82,08549786",4_69_2,4,69,2,750,FALSE,TRUE,4,"0,04813741721",9,FALSE
100,"2,637319111","0,9056908195","0,1716333927","1,544378123","0,9396710594","0,2139483934","2,361416522","0,8548146487","0,2114817913","2,510213963","0,9354250172","0,3617726999","0,915852816","0,9908635758","0,3102947423","2,467506277","0,870524243","0,5838891184","0,8523641578","0,2797614237","-4,885117094","-4,91317135","0,114523534","0,6210654774","0,6315038764","0,6210654774","0,003611683115",0,"1301,615722","0,09174843744","14172,75885","0,0001",1,"0,3803532124","85,13135457",4_71_9,4,71,9,779,FALSE,TRUE,6,"0,08653598762",9,FALSE
101,"2,695011454","0,9172228818","0,7073375265","2,01322842","0,962326067","0,2133905592","2,514307493","0,8756647088","0,3497717684","0,6851443633","0,9084806765","0,5169410416","0,842821635","0,8973562195","0,3135145374","2,686779759","0,992534123","0,5732912579","0,8629031645","0,7147392765","-0,5999671436","0,4370883784","0,07188683904","0,2921645952","0,1997236177","0,2921645952","0,005183123344",0,"132,5748605","0,009255128314","14172,75885","0,0001",1,"0,3371901512","125,7728262",4_106_3,4,106,3,1158,FALSE,TRUE,8,"0,01904461237",4,FALSE
102,"2,862481105","0,9929693833","0,7576502687","2,348962765","0,9807567606","0,2736209663","1,645767634","0,8676457715","0,3456906621","0,8174629765","0,9350534015","0,5107287237","0,9254372048","0,8774192931","0,1941379917","2,990237549","0,9865810692","0,4620106153","0,877964057","0,7315347947","-0,1505065838","0,7622852885","0,07062818435","0,2356000213","0,1369129161","0,2356000213","0,0008344055276",0,"123,8643477","0,008640471415","14172,75885","0,0001",1,"0,3092756271","141,9653893",4_120_9,4,120,9,1318,FALSE,TRUE,1,"0,009124655915",4,TRUE
103,"2,898480128","0,9893310736","0,6261397159","2,115824584","0,9456899754","0,248723687","2,01964573","0,8709866793","0,3368818176","0,861381676","0,9945836223","0,5226580925","0,8555733623","0,9272173177","0,2701068653","2,894054254","0,8627898763","0,5682265235","0,8758496256","0,7485563463","-0,02056868549","0,7321893673","0,06827404281","0,2225826654","0,1415675027","0,2225826654","0,005990523619",0,"124,2656938","0,008668792384","14172,75885","0,0001",1,"0,4181389809","156,4404042",4_133_4,4,133,4,1456,FALSE,TRUE,7,"0,01008941823",4,FALSE
104,"2,898480128","0,9893310736","0,6261397159","2,115824584","0,9456899754","0,248723687","2,01964573","0,8709866793","0,3368818176","0,861381676","0,9945836223","0,5226580925","0,8555733623","0,9272173177","0,2701068653","2,894054254","0,8627898763","0,5682265235","0,8758496256","0,7485563463","-0,02056868549","0,7321893673","0,06827404281","0,2225826654","0,1415675027","0,2225826654","0,005990523619",0,"124,2656938","0,008668792384","14172,75885","0,0001",1,"0,2904644012","166,5806563",4_141_6,4,141,6,1546,FALSE,TRUE,7,"0,01008941823",,
105,"2,889777942","0,9531351427","0,6652359224","2,356196632","0,94845633","0,2454345206","2,033581687","0,9179215076","0,2306640493","0,8870494895","0,9692118602","0,4689001755","0,9877113703","0,8619341047","0,1467724551","2,832642318","0,9873813579","0,3348010041","0,8775957358","0,722019221","-0,3753652789","0,6912572811","0,07186897029","0,257596406","0,1560323871","0,257596406","0,003989161023",0,"145,9204873","0,01019686179","14172,75885","0,0001",1,"0,372833252","172,6021838",4_146_8,4,146,8,1603,FALSE,TRUE,4,"0,01219762598",4,FALSE
106,"2,867940472","0,9850025352","0,7391673994","2,350409538","0,9742966745","0,2679836772","1,723330444","0,8777009187","0,3226853396","0,831380279","0,9418850932","0,5023630141","0,9378920378","0,8619341047","0,1846648844","2,958718503","0,986741127","0,4365686931","0,8778903927","0,7306297227","-0,1979937222","0,7476239705","0,07074713796","0,2404130524","0,1410718762","0,2404130524","0,0002237404605",0,"128,2755756","0,008951749491","14172,75885","0,0001",1,"0,3399343491","175,7176161",4_149_5,4,149,5,1633,FALSE,TRUE,1,"0,009772612164",4,FALSE
107,"2,886972595","0,9976061664","0,6941032895","2,267605657","0,9713139598","0,259746161","1,729347541","0,8633830175","0,3204346458","0,808049079","0,9493810346","0,5149282607","0,9396041983","0,8438737074","0,2122819233","2,949324358","0,9833873696","0,4491899254","0,8768638423","0,7282719095","-0,2902763806","0,714014807","0,0710560902","0,2495009163","0,1501717233","0,2495009163","0,001852003846",0,"136,4582714","0,009529161004","14172,75885","0,0001",1,"0,2711985111","179,0830433",4_152_6,4,152,6,1667,FALSE,TRUE,2,"0,0112137314",4,FALSE
108,"2,886972595","0,9976061664","0,6941032895","2,267605657","0,9713139598","0,259746161","1,729347541","0,9173706564","0,3769448289","1,03310328","0,9493810346","0,5149282607","0,9396041983","0,8438737074","0,2122819233","2,949324358","0,9833873696","0,4491899254","0,8768638423","0,7336636067","-0,3033287913","0,7109378403","0,07034760167","0,250759714","0,1509774244","0,250759714","0,003996268777",0,"136,4582714","0,009529161004","14172,75885","0,0001",1,"0,2768580914","182,1861827",4_155_3,4,155,3,1697,FALSE,TRUE,3,"0,01141264867",4,FALSE
109,"2,966591423","0,9829548154","0,7998429308","2,088279363","0,962581226","0,2287344736","2,116748877","0,8180110772","0,2594320221","0,6302993751","0,9812740988","0,5019221866","0,8478507208","0,882437976","0,2603516108","2,970245963","0,9673430556","0,7972853443","0,87395039","0,7067025975","0,07730654652","0,6318025097","0,07373766639","0,2116405781","0,1659931152","0,2116405781","0,005788778488",0,"125,3981906","0,008748706963","14172,75885","0,0001",1,"0,2501776218","185,8664682",4_158_7,4,158,7,1734,FALSE,TRUE,5,"0,01383434938",4,FALSE
110,"2,659296919","0,9840746228","0,5699480872","2,282957825","0,9814841383","0,2573359247","1,331617341","0,9011329022","0,3197275082","0,5815773902","0,8793872714","0,6327029553","0,6270503365","0,9447817443","0,2562885503","2,513383571","0,8461191156","0,6942553922","0,8770294589","0,8238297333","0,5245271937","0,8492065676","0,05721374086","0,1514584866","0,1090454638","0,1514584866","0,007700141315",0,"46,51001843","0,003181967093","14172,75885","0,0001",1,"0,3592846394","188,3913321",4_160_9,4,160,9,1758,FALSE,TRUE,7,"0,005538897872",3,FALSE
111,"2,966591423","0,9829548154","0,7998429308","2,088279363","0,962581226","0,2287344736","2,116748877","0,8180110772","0,2594320221","0,6302993751","0,9812740988","0,5019221866","0,8478507208","0,882437976","0,2603516108","2,970245963","0,9673430556","0,7567151636","0,872726042","0,7075285798","-0,06046808538","0,6627411683","0,07363376341","0,2201178129","0,1630600886","0,2201178129","0,007359128948",0,"125,3981906","0,008748706963","14172,75885","0,0001",1,"0,3279848099","189,1538184",4_161_4,4,161,4,1764,FALSE,TRUE,8,"0,01348734204",4,FALSE
112,"2,866379727","0,9841669738","0,7422464696","2,348512464","0,9743511725","0,2216381774","1,721255873","0,9011505757","0,2514377334","1,054890974","0,9637655307","0,4864765665","0,9378920378","0,8619341047","0,1773260117","2,915223068","0,9891069251","0,4528154052","0,877682576","0,7342450812","-0,190619943","0,7493676208","0,0702707671","0,2396720263","0,1405837031","0,2396720263","0,005932412645",0,"128,2611275","0,00895072996","14172,75885","0,0001",1,"0,2184414864","191,0992014",4_163_1,4,163,1,1783,FALSE,TRUE,7,"0,009934344602",4,FALSE
113,"2,898480128","0,9893310736","0,6261397159","2,115824584","0,9456899754","0,248723687","2,01964573","0,8709866793","0,3368818176","0,8346588053","0,9945836223","0,5226580925","0,8555733623","0,9272173177","0,2701068653","2,894054254","0,8627898763","0,5682265235","0,8758496256","0,7480523657","-0,01932392947","0,7326673087","0,06834243103","0,2224468854","0,1414411239","0,2224468854","0,005818111727",0,"124,2656938","0,008668792384","14172,75885","0,0001",1,"0,4843530655","198,4325805",4_168_9,4,168,9,1846,FALSE,TRUE,6,"0,01005614879",4,FALSE
114,"2,048899883","0,8527372871","0,65066978","1,603398413","0,990476198","0,1600447473","2,3731319","0,9773584934","0,1242668523","1,675315041","0,9468712466","0,721111264","0,9879566073","0,9371448564","0,7361876929","2,174288642","0,9679032792","0,4341069559","0,8562689592","0,346243839","-4,714671251","-3,99886932","0,1089429555","0,5955264164","0,5799866246","0,5955264164","0,004533328153",0,"848,9741476","0,0598078077","14172,75885","0,0001",1,"0,34897542","144,9158499",5_122_7,5,122,7,1338,FALSE,TRUE,8,"0,07848086715",9,FALSE
115,"1,599386701","0,8712637621","0,557623312","1,83633422","0,9528989163","0,227948049","0,833409484","0,8316837251","0,2178200931","2,842436867","0,9806305855","0,7481120244","0,9237504148","0,9190377786","0,4977838761","2,573716028","0,9687501124","0,3970551319","0,8684290539","0,6019231442","-2,399364094","-0,8736007516","0,08507852281","0,4379937999","0,3644177993","0,4379937999","0,0004856424356",0,"297,2774725","0,02087735978","14172,75885","0,0001",1,"0,3430554867","168,0600095",5_140_5,5,140,5,1534,FALSE,TRUE,2,"0,04472693006",9,FALSE
116,"1,675128805","0,8811373343","0,4578340681","1,523750116","0,8478699749","0,1933211294","1,744561246","0,892024067","0,3961558981","1,076877782","0,9225168482","0,4550555112","0,9389178138","0,8861522648","0,7095703024","2,089726657","0,9658458924","0,3972702347","0,8805935901","0,4203567133","-7,859089932","-2,79102567","0,1036371555","0,6789049419","0,5494512643","0,6789049419","0,003634453041",0,"728,4898572","0,05130583986","14172,75885","0,0001",1,"0,3050942421","174,1643164",5_145_11,5,145,11,1595,FALSE,TRUE,7,"0,0736963525",5,FALSE
117,"1,675128805","0,8811373343","0,4578340681","1,523750116","0,8478699749","0,1933211294","1,741996578","0,8388918769","0,2971278482","1,663060268","0,9026868289","0,2132025584","0,9389178138","0,8861522648","0,7095703024","2,089726657","0,9658458924","0,3972702347","0,8805935901","0,4249767102","-7,8014034","-2,770915451","0,1032233137","0,6766909653","0,5479919919","0,6766909653","0,001597931549",0,"728,4898572","0,05130583986","14172,75885","0,0001",1,"0,3157384396","183,6564751",5_154_2,5,154,2,1685,FALSE,TRUE,5,"0,07345849427",5,FALSE
118,"1,765654991","0,8704511309","0,5669159331","1,817302021","0,9704499175","0,1945007236","1,468540819","0,8252525781","0,194708187","2,971618192","0,9846971847","0,6813349121","0,9496857293","0,9932987319","0,7799920979","2,578294119","0,9710724096","0,4258212756","0,878490791","0,5930405144","-2,505447028","-0,6479018916","0,08695801681","0,411246747","0,3604807407","0,411246747","0,005098930559",0,"328,0638786","0,02304980097","14172,75885","0,0001",1,"0,2707519531","186,0321431",5_156_4,5,156,4,1709,FALSE,TRUE,8,"0,04414928822",9,FALSE
119,"1,765654991","0,8704511309","0,5669159331","1,817302021","0,9704499175","0,1945007236","1,468540819","0,8252525781","0,194708187","2,971618192","0,9846971847","0,6813349121","0,9496857293","0,9932987319","0,7799920979","2,578294119","0,9710724096","0,4258212756","0,878490791","0,5930405144","-2,505447028","-0,6479018916","0,08695801681","0,411246747","0,3604807407","0,411246747","0,005098930559",0,"328,0638786","0,02304980097","14172,75885","0,0001",1,"0,2192156315","189,1177595",5_159_1,5,159,1,1739,FALSE,TRUE,8,"0,04414928822",,
120,"1,675128805","0,8811373343","0,4578340681","1,523750116","0,8478699749","0,1933211294","1,615387236","0,8878736623","0,5042755206","0,9040497298","0,8760760797","0,3255776353","0,9389178138","0,8861522648","0,7095703024","2,089726657","0,9658458924","0,3972702347","0,8805935901","0,4187547531","-7,884591468","-2,800744873","0,1037802677","0,6798813783","0,5501551385","0,6798813783","0,003917565588",0,"728,4898572","0,05130583986","14172,75885","0,0001",1,"0,3040466309","192,7081313",5_162_4,5,162,4,1775,FALSE,TRUE,8,"0,07380844826",5,FALSE
121,"1,727113972","0,8457038021","0,3440525756","1,8427918","0,983995258","0,2791720486","0,657688857","0,8657605101","0,1162901029","2,95270838","0,9596117991","0,795633322","0,9252291615","0,9260369838","0,2784584338","2,660768068","0,9327286187","0,4856826588","0,8699081858","0,619454669","-2,187535217","-0,5751166701","0,08337138724","0,4260135607","0,3432852939","0,4260135607","0,003403324012",0,"302,1097981","0,02121835259","14172,75885","0,0001",1,"0,3536555767","204,4685454",5_171_6,5,171,6,1876,FALSE,TRUE,5,"0,04143703125",9,FALSE
122,"1,765654991","0,8704511309","0,5669159331","1,817302021","0,9704499175","0,1945007236","1,468540819","0,8318277348","0,164638073","2,890575363","0,9966070809","0,6813349121","0,9496857293","0,9932987319","0,7799920979","2,578294119","0,9710724096","0,4258212756","0,878490791","0,5919334696","-2,502795285","-0,6468705154","0,08707621167","0,411091171","0,3603679156","0,411091171","0,005121190399",0,"328,0638786","0,02304980097","14172,75885","0,0001",1,"0,3139984608","212,0486119",5_178_2,5,178,2,1949,FALSE,TRUE,8,"0,04413199979",9,FALSE